{
  "type" : "sfdc_cms__email",
  "title" : "Event Registration offer",
  "contentBody" : {
    "backgroundColor" : "#f3f3f3",
    "lightning:brandSource" : {
      "defaultBrandOption" : "sfdcBrand"
    },
    "lightning:colorScheme" : "{!$brand.colorScheme}",
    "lightning:dataProviders" : [ {
      "attributes" : {
        "objectApiName" : "UnifiedIndividual__dlm"
      },
      "definition" : "sfdc_cms__unifiedIndividualDataProvider",
      "sfdcExpressionKey" : "unifiedIndividual"
    } ],
    "lightning:padding" : "{!$brand.spacing.none}",
    "messagePurpose" : "transactional",
    "sfdc_cms:block" : {
      "definition" : "sfdc_cms/rootContentBlock",
      "id" : "e557a4bd-b6fa-47c1-8042-b963b4a6fa37",
      "type" : "block",
      "children" : [ {
        "attributes" : {
          "lightning:borderRadius" : "{!$brand.borderRadius.square}",
          "lightning:borderWidth" : "{!$brand.borderWeight.none}",
          "lightning:colorScheme" : "{!$brand.colorScheme}",
          "lightning:margin" : "{!$brand.spacing.none}",
          "lightning:padding" : "{!$brand.spacing.xSmall}",
          "stackOnMobile" : true,
          "lightning:backgroundImage" : {
            "repeat" : "no-repeat",
            "position" : "center center",
            "size" : "cover"
          }
        },
        "definition" : "lightning/section",
        "id" : "cbbb8f43-5b5e-4547-adbd-c8e284085715",
        "type" : "block",
        "children" : [ {
          "attributes" : {
            "columnWidth" : 12.0,
            "lightning:borderRadius" : "{!$brand.borderRadius.square}",
            "lightning:borderWidth" : "{!$brand.borderWeight.none}",
            "lightning:colorScheme" : "{!$brand.colorScheme}",
            "lightning:margin" : "{!$brand.spacing.none}",
            "lightning:padding" : "{!$brand.spacing.xSmall}",
            "lightning:verticalAlignment" : "top",
            "lightning:backgroundImage" : {
              "repeat" : "no-repeat",
              "position" : "center center",
              "size" : "cover"
            }
          },
          "definition" : "lightning/column",
          "id" : "01e5cb4d-9070-4399-a5c2-1f6739958cd6",
          "type" : "block",
          "children" : [ {
            "attributes" : {
              "imageFitConfig" : {
                "width" : {
                  "unit" : "%",
                  "value" : 100.0
                }
              },
              "imageInfo" : {
                "altText" : "",
                "overrideAltText" : false,
                "source" : {
                  "ref" : "calltoregister",
                  "type" : "imageReference"
                },
                "url" : "/cms/media/MCD5IKJQSNBJGR5MT5FEHSJ3MLNQ?fileName=register.jpeg&fileHash=3b6447073bf88802b54d2133f64a59ed"
              },
              "lightning:borderRadius" : "{!$brand.borderRadius.square}",
              "lightning:borderWidth" : "{!$brand.borderWeight.none}",
              "lightning:colorGroup" : {
                "backgroundColor" : "{!$brand.colorScheme.root}",
                "borderColor" : "{!$brand.colorScheme.neutral}",
                "linkColor" : "{!$brand.colorScheme.primaryAccent}",
                "textColor" : "{!$brand.colorScheme.contrast}"
              },
              "lightning:horizontalAlignment" : "center",
              "lightning:margin" : "{!$brand.spacing.none}",
              "lightning:padding" : "{!$brand.spacing.none}",
              "lightning:typography" : "{!$brand.typography.paragraph.paragraph1}"
            },
            "definition" : "lightning/image",
            "id" : "5ed1c11a-18e3-40ee-b29e-3587f3c15098",
            "type" : "block"
          }, {
            "attributes" : {
              "lightning:borderRadius" : "{!$brand.borderRadius.square}",
              "lightning:borderWidth" : "{!$brand.borderWeight.none}",
              "lightning:colorGroup" : {
                "backgroundColor" : "{!$brand.colorScheme.root}",
                "borderColor" : "{!$brand.colorScheme.neutral}",
                "linkColor" : "{!$brand.colorScheme.primaryAccent}",
                "textColor" : "{!$brand.colorScheme.contrast}"
              },
              "lightning:margin" : "{!$brand.spacing.none}",
              "lightning:padding" : "{!$brand.spacing.none}",
              "rawHtml" : "Please register for event"
            },
            "definition" : "lightning/html",
            "id" : "5789bb41-9b05-40a8-bb8a-81eb56c62ebd",
            "type" : "block"
          } ]
        } ]
      } ]
    },
    "sfdc_cms:title" : "Event Registration offer",
    "subjectLine" : "Invitation to register for event",
    "lightning:expressions" : [ ],
    "lightning:backgroundImage" : {
      "repeat" : "no-repeat",
      "position" : "center center",
      "size" : "cover"
    },
    "sfdc_cms:variants" : [ ]
  },
  "urlName" : "event-registration-offer"
}