{
  "type" : "sfdc_cms__form",
  "title" : "Event Registration Form",
  "contentBody" : {
    "lightning:brandSource" : {
      "defaultBrandOption" : "sfdcBrand"
    },
    "sfdc_cms:block" : {
      "definition" : "sfdc_cms/rootContentBlock",
      "id" : "9d8a815b-41b4-4c3a-86f1-a3313aee5ec3",
      "type" : "block",
      "children" : [ {
        "attributes" : {
          "lightning:borderRadius" : "{!$brand.borderRadius.square}",
          "lightning:borderWidth" : "{!$brand.borderWeight.none}",
          "lightning:colorScheme" : "{!$brand.colorScheme}",
          "lightning:margin" : "{!$brand.spacing.none}",
          "lightning:padding" : "{!$brand.spacing.xSmall}",
          "stackOnMobile" : true,
          "lightning:backgroundImage" : {
            "repeat" : "no-repeat",
            "position" : "center center",
            "size" : "cover"
          }
        },
        "definition" : "lightning/section",
        "id" : "526f9970-2908-4927-b691-d6b16978ca29",
        "type" : "block",
        "children" : [ {
          "attributes" : {
            "columnWidth" : 12.0,
            "lightning:borderRadius" : "{!$brand.borderRadius.square}",
            "lightning:borderWidth" : "{!$brand.borderWeight.none}",
            "lightning:colorScheme" : "{!$brand.colorScheme}",
            "lightning:margin" : "{!$brand.spacing.none}",
            "lightning:padding" : "{!$brand.spacing.xSmall}",
            "lightning:verticalAlignment" : "top",
            "lightning:backgroundImage" : {
              "repeat" : "no-repeat",
              "position" : "center center",
              "size" : "cover"
            }
          },
          "definition" : "lightning/column",
          "id" : "6a20379f-c120-4d0d-a3e3-433fd06108e6",
          "type" : "block",
          "children" : [ {
            "attributes" : {
              "lightning:borderRadius" : "{!$brand.borderRadius.square}",
              "lightning:borderWidth" : "{!$brand.borderWeight.none}",
              "lightning:formInputColorGroup" : {
                "backgroundColor" : "{!$brand.colorScheme.root}",
                "borderColor" : "{!$brand.colorScheme.neutral}",
                "textColor" : "{!$brand.colorScheme.contrast}"
              },
              "lightning:horizontalAlignment" : "left",
              "lightning:inputTypography" : "{!$brand.typography.input.input1}",
              "lightning:labelTypography" : "{!$brand.typography.label.label1}",
              "lightning:margin" : "{!$brand.spacing.none}",
              "lightning:padding" : "{!$brand.spacing.none}",
              "maxLength" : 255.0,
              "sfdc_cms:formInputLabelProperty" : "First Name",
              "sfdc_cms:formInputNameProperty" : "FirstName",
              "sfdc_cms:formInputRequiredProperty" : false,
              "width" : "auto"
            },
            "definition" : "lightning/inputText",
            "id" : "592f6556-e6a1-4ee7-a3f4-85e63733bb95",
            "type" : "block"
          }, {
            "attributes" : {
              "lightning:borderRadius" : "{!$brand.borderRadius.square}",
              "lightning:borderWidth" : "{!$brand.borderWeight.none}",
              "lightning:formInputColorGroup" : {
                "backgroundColor" : "{!$brand.colorScheme.root}",
                "borderColor" : "{!$brand.colorScheme.neutral}",
                "textColor" : "{!$brand.colorScheme.contrast}"
              },
              "lightning:horizontalAlignment" : "left",
              "lightning:inputTypography" : "{!$brand.typography.input.input1}",
              "lightning:labelTypography" : "{!$brand.typography.label.label1}",
              "lightning:margin" : "{!$brand.spacing.none}",
              "lightning:padding" : "{!$brand.spacing.none}",
              "maxLength" : 255.0,
              "sfdc_cms:formInputLabelProperty" : "Last Name",
              "sfdc_cms:formInputNameProperty" : "LastName",
              "sfdc_cms:formInputRequiredProperty" : false,
              "width" : "auto"
            },
            "definition" : "lightning/inputText",
            "id" : "0e37d98b-e74d-4a3b-8972-871131211c6a",
            "type" : "block"
          }, {
            "attributes" : {
              "lightning:borderRadius" : "{!$brand.borderRadius.square}",
              "lightning:borderWidth" : "{!$brand.borderWeight.none}",
              "lightning:formInputColorGroup" : {
                "backgroundColor" : "{!$brand.colorScheme.root}",
                "borderColor" : "{!$brand.colorScheme.neutral}",
                "textColor" : "{!$brand.colorScheme.contrast}"
              },
              "lightning:horizontalAlignment" : "left",
              "lightning:inputTypography" : "{!$brand.typography.input.input1}",
              "lightning:labelTypography" : "{!$brand.typography.label.label1}",
              "lightning:margin" : "{!$brand.spacing.none}",
              "lightning:padding" : "{!$brand.spacing.none}",
              "maxLength" : 255.0,
              "sfdc_cms:formInputLabelProperty" : "Email",
              "sfdc_cms:formInputNameProperty" : "Email",
              "sfdc_cms:formInputRequiredProperty" : false,
              "width" : "auto"
            },
            "definition" : "lightning/inputEmail",
            "id" : "2c87586e-ad55-4c72-b16a-80e37206f039",
            "type" : "block"
          } ]
        } ]
      }, {
        "attributes" : {
          "lightning:borderRadius" : "{!$brand.borderRadius.square}",
          "lightning:borderWidth" : "{!$brand.borderWeight.none}",
          "lightning:colorScheme" : "{!$brand.colorScheme}",
          "lightning:margin" : "{!$brand.spacing.none}",
          "lightning:padding" : "{!$brand.spacing.xSmall}",
          "stackOnMobile" : true,
          "lightning:backgroundImage" : {
            "repeat" : "no-repeat",
            "position" : "center center",
            "size" : "cover"
          }
        },
        "definition" : "lightning/section",
        "id" : "3203a94e-9cf1-478e-bb5f-9011ec01a580",
        "type" : "block",
        "children" : [ {
          "attributes" : {
            "columnWidth" : 12.0,
            "lightning:borderRadius" : "{!$brand.borderRadius.square}",
            "lightning:borderWidth" : "{!$brand.borderWeight.none}",
            "lightning:colorScheme" : "{!$brand.colorScheme}",
            "lightning:margin" : "{!$brand.spacing.none}",
            "lightning:padding" : "{!$brand.spacing.xSmall}",
            "lightning:verticalAlignment" : "top",
            "lightning:backgroundImage" : {
              "repeat" : "no-repeat",
              "position" : "center center",
              "size" : "cover"
            }
          },
          "definition" : "lightning/column",
          "id" : "9f98ba1d-8bac-4dbb-bc7c-553d14b58eed",
          "type" : "block",
          "children" : [ {
            "attributes" : {
              "lightning:borderRadius" : "{!$brand.buttonStyleGroup.primary.lightning:borderRadius}",
              "lightning:borderWidth" : "{!$brand.buttonStyleGroup.primary.lightning:borderWidth}",
              "lightning:buttonColorGroup" : "{!$brand.buttonStyleGroup.primary.lightning:buttonColorGroup}",
              "lightning:horizontalAlignment" : "center",
              "lightning:margin" : "{!$brand.spacing.none}",
              "lightning:padding" : "{!$brand.buttonStyleGroup.primary.lightning:padding}",
              "lightning:typography" : "{!$brand.buttonStyleGroup.primary.lightning:typography}",
              "sfdc_cms:styleGroup" : "{!$brand.buttonStyleGroup.primary}",
              "text" : "Submit",
              "width" : "auto",
              "lightning:click" : {
                "actions" : [ {
                  "definition" : "sfdc_cms/customEventAction",
                  "attributes" : {
                    "type" : "formsubmit",
                    "options" : {
                      "bubbles" : true
                    }
                  }
                } ]
              }
            },
            "definition" : "lightning/actionButton",
            "id" : "83c43797-0e02-408d-8fc0-891121811b0a",
            "type" : "block"
          } ]
        } ]
      } ]
    },
    "sfdc_cms:title" : "Event Registration Form",
    "lightning:dataProviders" : [ ],
    "formsubmission" : {
      "actions" : [ {
        "definition" : "sfdc_cms/umaFormSubmissionAction",
        "attributes" : {
          "formId" : "{!$form.id}",
          "pageReferenceId" : "{!$page.id}",
          "formData" : "{!$form.fields}"
        }
      }, {
        "definition" : "sfdc_cms/showThankYouAction",
        "attributes" : {
          "message" : "Thank you for your submission."
        }
      } ]
    }
  },
  "urlName" : "event-registration-form"
}