{
  "type" : "sfdc_cms__landingPage",
  "title" : "Event Registration Page",
  "contentBody" : {
    "lightning:brandSource" : {
      "defaultBrandOption" : "sfdcBrand"
    },
    "sfdc_cms:block" : {
      "definition" : "sfdc_cms/rootContentBlock",
      "id" : "f5cda15f-bc18-4dc0-80b6-8850b6102a29",
      "type" : "block",
      "children" : [ {
        "attributes" : {
          "lightning:borderRadius" : "{!$brand.borderRadius.square}",
          "lightning:borderWidth" : "{!$brand.borderWeight.none}",
          "lightning:colorScheme" : "{!$brand.colorScheme}",
          "lightning:margin" : "{!$brand.spacing.none}",
          "lightning:padding" : "{!$brand.spacing.xSmall}",
          "stackOnMobile" : true,
          "lightning:backgroundImage" : {
            "repeat" : "no-repeat",
            "position" : "center center",
            "size" : "cover"
          }
        },
        "definition" : "lightning/section",
        "id" : "6efbab74-4ff2-44b9-a96d-c153a288ae94",
        "type" : "block",
        "children" : [ {
          "attributes" : {
            "columnWidth" : 12.0,
            "lightning:borderRadius" : "{!$brand.borderRadius.square}",
            "lightning:borderWidth" : "{!$brand.borderWeight.none}",
            "lightning:colorScheme" : "{!$brand.colorScheme}",
            "lightning:margin" : "{!$brand.spacing.none}",
            "lightning:padding" : "{!$brand.spacing.xSmall}",
            "lightning:verticalAlignment" : "top",
            "lightning:backgroundImage" : {
              "repeat" : "no-repeat",
              "position" : "center center",
              "size" : "cover"
            }
          },
          "definition" : "lightning/column",
          "id" : "1f3c8802-9052-4cd1-9c60-856ef748bbd2",
          "type" : "block",
          "children" : [ {
            "attributes" : {
              "imageFitConfig" : {
                "width" : {
                  "unit" : "%",
                  "value" : 20.0
                }
              },
              "imageInfo" : {
                "altText" : "",
                "overrideAltText" : false,
                "source" : {
                  "ref" : "calltoregister",
                  "type" : "imageReference"
                },
                "url" : "/cms/media/MCD5IKJQSNBJGR5MT5FEHSJ3MLNQ?fileName=register.jpeg&fileHash=3b6447073bf88802b54d2133f64a59ed"
              },
              "lightning:borderRadius" : "{!$brand.borderRadius.square}",
              "lightning:borderWidth" : "{!$brand.borderWeight.none}",
              "lightning:colorGroup" : {
                "backgroundColor" : "{!$brand.colorScheme.root}",
                "borderColor" : "{!$brand.colorScheme.neutral}",
                "linkColor" : "{!$brand.colorScheme.primaryAccent}",
                "textColor" : "{!$brand.colorScheme.contrast}"
              },
              "lightning:horizontalAlignment" : "center",
              "lightning:margin" : "{!$brand.spacing.none}",
              "lightning:padding" : "{!$brand.spacing.none}",
              "lightning:typography" : "{!$brand.typography.paragraph.paragraph1}"
            },
            "definition" : "lightning/image",
            "id" : "76541db6-78ae-4759-b32d-8d641e1be290",
            "type" : "block"
          } ]
        } ]
      }, {
        "attributes" : {
          "lightning:borderRadius" : "{!$brand.borderRadius.square}",
          "lightning:borderWidth" : "{!$brand.borderWeight.none}",
          "lightning:colorScheme" : "{!$brand.colorScheme}",
          "lightning:margin" : "{!$brand.spacing.none}",
          "lightning:padding" : "{!$brand.spacing.xSmall}",
          "stackOnMobile" : true,
          "lightning:backgroundImage" : {
            "repeat" : "no-repeat",
            "position" : "center center",
            "size" : "cover"
          }
        },
        "definition" : "lightning/section",
        "id" : "5af15324-439d-46e9-96d9-3f9c3a1538c3",
        "type" : "block",
        "children" : [ {
          "attributes" : {
            "columnWidth" : 12.0,
            "lightning:borderRadius" : "{!$brand.borderRadius.square}",
            "lightning:borderWidth" : "{!$brand.borderWeight.none}",
            "lightning:colorScheme" : "{!$brand.colorScheme}",
            "lightning:margin" : "{!$brand.spacing.none}",
            "lightning:padding" : "{!$brand.spacing.xSmall}",
            "lightning:verticalAlignment" : "top",
            "lightning:backgroundImage" : {
              "repeat" : "no-repeat",
              "position" : "center center",
              "size" : "cover"
            }
          },
          "definition" : "lightning/column",
          "id" : "bde86c46-6306-46fe-ba65-1c26cbc57213",
          "type" : "block",
          "children" : [ {
            "attributes" : {
              "lightning:borderRadius" : "{!$brand.borderRadius.square}",
              "lightning:borderWidth" : "{!$brand.borderWeight.none}",
              "lightning:colorGroup" : {
                "backgroundColor" : "{!$brand.colorScheme.root}",
                "borderColor" : "{!$brand.colorScheme.neutral}",
                "linkColor" : "{!$brand.colorScheme.primaryAccent}",
                "textColor" : "{!$brand.colorScheme.contrast}"
              },
              "lightning:margin" : "{!$brand.spacing.none}",
              "lightning:padding" : "{!$brand.spacing.none}",
              "rawHtml" : "<div class=\"container\">\n  <h1>Join Our Exclusive Investment Event!</h1>\n  \n  <div class=\"content\">\n    <p>Gain insights and strategies from our experts to grow your investments. Don&#39;t miss out!</p>\n    <p><strong>Date:</strong> December 31st 2024 <strong>Location:</strong> Virtual</p>\n  </div>\n\n  <a href=\"[Registration%20Link]\" class=\"cta-button\">Register Now</a>\n\n  <div class=\"footer\">\n    <p>Limited spots available! For questions, contact <a href=\"mailto:sales&#64;event.demo\">sales&#64;event.demo</a>.</p>\n  </div>\n</div>\n"
            },
            "definition" : "lightning/html",
            "id" : "3969da4a-6c0a-4838-8ead-097c749f4ee1",
            "type" : "block"
          } ]
        } ]
      } ]
    },
    "sfdc_cms:seoProperties" : {
      "isIndexed" : false,
      "title" : "Event Registration Page"
    },
    "sfdc_cms:title" : "Event Registration Page",
    "lightning:dataProviders" : [ ],
    "lightning:backgroundImage" : {
      "repeat" : "no-repeat",
      "position" : "center center",
      "size" : "cover"
    }
  },
  "urlName" : "event-registration-page"
}